{"cameraMode":{"drawMode":0,"name":"Shaded","section":"Shading Mode"},"sceneLighting":false,"audioPlay":false,"sceneViewState":{"m_AlwaysRefresh":false,"showFog":true,"showSkybox":true,"showFlares":true,"showImageEffects":true,"showParticleSystems":true,"showVisualEffectGraphs":true,"m_FxEnabled":true},"in2DMode":false,"pivot":{"x":0.028921127319335939,"y":-1.6792632341384888,"z":-5.284605026245117},"rotation":{"x":0.14252859354019166,"y":-0.7187482118606567,"z":0.15455110371112824,"w":0.6627929210662842},"size":4.086548328399658,"orthographic":false}